,label,name
0,2,C7_1.jpg
1,6,C7_10.jpg
2,1,C7_108.jpg
3,11,C7_19.jpg
4,0,Rat (33).jpg
5,8,Rat (34).jpg
6,2,Rat (35).jpg
7,3,Rat (36).jpg
8,5,Rat (37).jpg
9,3,Rat (38).jpg
10,8,Rat (39).jpg
11,11,Rat (4).jpg
12,8,Rat (40).jpg
13,8,Rat (5).jpg
14,8,C7_190.jpg
15,8,Rat (6).jpg
16,10,Rat (7).jpg
17,9,Rat (8).jpg
18,9,Rat (9).jpg
19,8,Rat.jpg
20,3,Ratt (10).jpg
21,10,Ratt (11).jpg
22,1,Ratt (12).jpg
23,5,Ratt (13).jpg
24,3,Ratt (14).jpg
25,7,C7_191.jpg
26,9,Ratt (15).jpg
27,9,Ratt (2).jpg
28,4,Ratt (3).jpg
29,2,Ratt (4).jpg
30,1,Ratt (5).jpg
31,8,Ratt (6).jpg
32,9,Ratt (7).jpg
33,7,Ratt (8).jpg
34,7,Ratt (9).jpg
35,8,Ratt.jpg
36,8,C7_192.jpg
37,9,Rattt (1).jpg
38,7,Rattt (2).jpg
39,8,Rattt (3).jpg
40,3,Rattt (4).jpg
41,5,Sheep (10).jpg
42,3,Sheep (11).jpg
43,3,Sheep (12).jpg
44,4,Sheep (13).jpg
45,11,Sheep (14).jpg
46,3,Sheep (15).jpg
47,0,C7_193.jpg
48,2,Sheep (16).jpg
49,3,Sheep (17).jpg
50,5,Sheep (18).jpg
51,4,Sheep (19).jpg
52,9,Sheep (2).jpg
53,6,Sheep (20).jpg
54,10,Sheep (21).jpg
55,6,Sheep (22).jpg
56,1,Sheep (23).jpg
57,6,Sheep (24).jpg
58,10,C7_194.jpg
59,5,Sheep (25).jpg
60,8,Sheep (26).jpg
61,3,Sheep (27).jpg
62,9,Sheep (28).jpg
63,3,Sheep (29).jpg
64,3,Sheep (3).jpg
65,3,Sheep (30).jpg
66,3,Sheep (31).jpg
67,1,Sheep (32).jpg
68,3,Sheep (33).jpg
69,2,C7_195.jpg
70,2,Sheep (34).jpg
71,0,Sheep (35).jpg
72,6,Sheep (36).jpg
73,9,Sheep (37).jpg
74,5,Sheep (38).jpg
75,8,Sheep (39).jpg
76,10,Sheep (4).jpg
77,3,Sheep (40).jpg
78,5,Sheep (41).jpg
79,3,Sheep (42).jpg
80,3,C7_196.jpg
81,5,Sheep (43).jpg
82,3,Sheep (44).jpg
83,10,Sheep (45).jpg
84,9,Sheep (46).jpg
85,3,Sheep (47).jpg
86,5,Sheep (48).jpg
87,9,Sheep (49).jpg
88,5,Sheep (5).jpg
89,10,Sheep (50).jpg
90,3,Sheep (51).jpg
91,9,C7_197.jpg
92,8,Sheep (52).jpg
93,5,Sheep (53).jpg
94,1,Sheep (54).jpg
95,5,Sheep (55).jpg
96,3,Sheep (56).jpg
97,5,Sheep (57).jpg
98,7,Sheep (58).jpg
99,7,Sheep (59).jpg
100,5,Sheep (6).jpg
101,6,Sheep (60).jpg
102,1,C7_198.jpg
103,9,Sheep (61).jpg
104,0,Sheep (7).jpg
105,4,Sheep (8).jpg
106,5,Sheep (9).jpg
107,10,Sheep.jpg
108,3,Sheepp (10).jpg
109,8,Sheepp (11).jpg
110,9,Sheepp (12).jpg
111,8,Sheepp (13).jpg
112,8,Sheepp (14).jpg
113,1,C7_109.jpg
114,2,C7_199.jpg
115,5,Sheepp (15).jpg
116,7,Sheepp (16).jpg
117,3,Sheepp (17).jpg
118,3,Sheepp (18).jpg
119,7,Sheepp (19).jpg
120,7,Sheepp (2).jpg
121,10,Sheepp (20).jpg
122,8,Sheepp (21).jpg
123,7,Sheepp (22).jpg
124,5,Sheepp (3).jpg
125,1,C7_2.jpg
126,5,Sheepp (4).jpg
127,3,Sheepp (5).jpg
128,1,Sheepp (6).jpg
129,9,Sheepp (7).jpg
130,0,Sheepp (8).jpg
131,9,Sheepp (9).jpg
132,9,Sheepp.jpg
133,4,Sheppp (1).jpg
134,5,Sheppp (2).jpg
135,10,Sheppp (3).jpg
136,4,C7_20.jpg
137,7,Sheppp (4).jpg
138,9,Sheppp (5).jpg
139,6,Snake (10).jpg
140,6,Snake (11).jpg
141,3,Snake (12).jpg
142,3,Snake (13).jpg
143,10,Snake (14).jpg
144,3,Snake (15).jpg
145,5,Snake (16).jpg
146,3,Snake (17).jpg
147,8,C7_200.jpg
148,11,Snake (18).jpg
149,9,Snake (19).jpg
150,0,Snake (2).jpg
151,4,Snake (20).jpg
152,5,Snake (21).jpg
153,3,Snake (22).jpg
154,8,Snake (23).jpg
155,9,Snake (24).jpg
156,11,Snake (25).jpg
157,8,Snake (26).jpg
158,6,C7_201.jpg
159,3,Snake (3).jpg
160,3,Snake (4).jpg
161,7,Snake (5).jpg
162,4,Snake (6).jpg
163,3,Snake (7).jpg
164,5,Snake (8).jpg
165,10,Snake (9).jpg
166,3,Snake(0).jpg
167,0,Snake.jpg
168,3,Snakee (10).jpg
169,8,C7_202.jpg
170,8,Snakee (11).jpg
171,9,Snakee (12).jpg
172,11,Snakee (2).jpg
173,9,Snakee (3).jpg
174,9,Snakee (4).jpg
175,1,Snakee (5).jpg
176,5,Snakee (6).jpg
177,9,Snakee (7).jpg
178,4,Snakee (8).jpg
179,7,Snakee (9).jpg
180,7,C7_203.jpg
181,4,Snakee.jpg
182,0,Snakeee (1).jpg
183,8,Snakeee (10).jpg
184,11,Snakeee (2).jpg
185,11,Snakeee (3).jpg
186,3,Snakeee (4).jpg
187,5,Snakeee (5).jpg
188,7,Snakeee (6).jpg
189,3,Snakeee (7).jpg
190,7,Snakeee (8).jpg
191,6,C7_204.jpg
192,9,Snakeee (9).jpg
193,4,Tiger (10).jpg
194,3,Tiger (11).jpg
195,9,Tiger (12).jpg
196,7,Tiger (13).jpg
197,9,Tiger (14).jpg
198,11,Tiger (15).jpg
199,9,Tiger (16).jpg
200,9,Tiger (17).jpg
201,3,Tiger (18).jpg
202,1,C7_205.jpg
203,7,Tiger (19).jpg
204,8,Tiger (2).jpg
205,7,Tiger (20).jpg
206,5,Tiger (21).jpg
207,10,Tiger (3).jpg
208,9,Tiger (4).jpg
209,5,Tiger (5).jpg
210,3,Tiger (6).jpg
211,7,Tiger (7).jpg
212,8,Tiger (8).jpg
213,6,C7_206.jpg
214,4,Tiger (9).jpg
215,3,Tiger.jpg
216,7,Tigerr (10).jpg
217,11,Tigerr (11).jpg
218,7,Tigerr (12).jpg
219,0,Tigerr (13).jpg
220,9,Tigerr (14).jpg
221,8,Tigerr (15).jpg
222,8,Tigerr (16).jpg
223,9,Tigerr (17).jpg
224,8,C7_11.jpg
225,8,C7_207.jpg
226,11,Tigerr (18).jpg
227,10,Tigerr (2).jpg
228,11,Tigerr (3).jpg
229,8,Tigerr (4).jpg
230,0,Tigerr (5).jpg
231,3,Tigerr (6).jpg
232,4,Tigerr (7).jpg
233,10,Tigerr (8).jpg
234,1,Tigerr (9).jpg
235,11,Tigerr.jpg
236,7,C7_208.jpg
237,11,Tigerrr (1).jpg
238,9,Tigerrr (2).jpg
239,9,Tigerrr (3).jpg
240,11,Tigerrr (4).jpg
241,0,Tigerrr (5).jpg
242,5,Tigerrr (6).jpg
243,9,Chicken_f(1).jpg
244,11,Chicken_f.jpg
245,3,Chicken_m.jpg
246,5,Chicken_m_2.jpg
247,7,C7_209.jpg
248,10,Cow_f(1).jpg
249,7,Cow_f.jpg
250,10,Cow_m(1).jpg
251,7,Cow_m6.jpg
252,3,Dog_f(1).jpg
253,7,Dog_f.jpg
254,0,Dog_m(1).jpg
255,8,Dog_m.jpg
256,0,Dragon_f.jpg
257,5,Dragon_f_2.jpg
258,7,C7_21.jpg
259,10,Dragon_m(1).jpg
260,10,Dragon_m.jpg
261,10,Horse_f(1).jpg
262,3,Horse_f.jpg
263,10,Horse_m(1).jpg
264,6,Horse_m.jpg
265,11,Monkey_f(1).jpg
266,7,Monkey_f.jpg
267,9,Monkey_m(1).jpg
268,11,Monkey_m.jpg
269,2,C7_210.jpg
270,1,Pig_f.jpg
271,3,Pig_f_2.jpg
272,4,Pig_m(1).jpg
273,8,Pig_m_2.jpg
274,3,Rabbit_f(1).jpg
275,3,Rabbit_f.jpg
276,7,Rabbit_m2.jpg
277,10,Rabbit_m_2.jpg
278,3,Rat_f(1).jpg
279,3,Rat_f.jpg
280,9,C7_211.jpg
281,10,Rat_m(1).jpg
282,11,Rat_m.jpg
283,3,Sheep_f(1).jpg
284,7,Sheep_f.jpg
285,8,Sheep_m(1).jpg
286,5,Sheep_m.jpg
287,7,Snake_f(1).jpg
288,7,Snake_f2.jpg
289,3,Snake_m(1).jpg
290,9,Snake_m2.jpg
291,1,C7_212.jpg
292,11,Tiger_f.jpg
293,3,Tiger_f2.jpg
294,0,Tiger_m(1).jpg
295,0,Tiger_m.jpg
296,0,C7_213.jpg
297,0,C7_214.jpg
298,7,C7_215.jpg
299,7,C7_110.jpg
300,8,C7_216.jpg
301,8,C7_217.jpg
302,5,C7_218.jpg
303,1,C7_219.jpg
304,4,C7_22.jpg
305,7,C7_220.jpg
306,2,C7_221.jpg
307,7,C7_222.jpg
308,4,C7_223.jpg
309,8,C7_224.jpg
310,1,C7_111.jpg
311,8,C7_225.jpg
312,2,C7_226.jpg
313,8,C7_227.jpg
314,8,C7_228.jpg
315,9,C7_229.jpg
316,2,C7_23.jpg
317,9,C7_230.jpg
318,1,C7_231.jpg
319,0,C7_232.jpg
320,7,C7_233.jpg
321,6,C7_112.jpg
322,10,C7_234.jpg
323,2,C7_235.jpg
324,5,C7_236.jpg
325,3,C7_237.jpg
326,8,C7_238.jpg
327,6,C7_239.jpg
328,8,C7_24.jpg
329,11,C7_240.jpg
330,4,C7_241.jpg
331,8,C7_242.jpg
332,6,C7_113.jpg
333,11,C7_243.jpg
334,9,C7_244.jpg
335,11,C7_245.jpg
336,0,C7_246.jpg
337,8,C7_247.jpg
338,9,C7_248.jpg
339,8,C7_249.jpg
340,2,C7_25.jpg
341,9,C7_250.jpg
342,6,C7_251.jpg
343,4,C7_114.jpg
344,11,C7_252.jpg
345,8,C7_253.jpg
346,0,C7_254.jpg
347,6,C7_255.jpg
348,4,C7_256.jpg
349,2,C7_257.jpg
350,6,C7_258.jpg
351,9,C7_259.jpg
352,11,C7_26.jpg
353,9,C7_260.jpg
354,6,C7_115.jpg
355,0,C7_261.jpg
356,4,C7_262.jpg
357,8,C7_263.jpg
358,4,C7_264.jpg
359,6,C7_265.jpg
360,8,C7_266.jpg
361,0,C7_267.jpg
362,8,C7_268.jpg
363,9,C7_269.jpg
364,10,C7_27.jpg
365,2,C7_116.jpg
366,1,C7_270.jpg
367,2,C7_271.jpg
368,4,C7_272.jpg
369,8,C7_273.jpg
370,8,C7_274.jpg
371,0,C7_275.jpg
372,2,C7_276.jpg
373,4,C7_277.jpg
374,4,C7_278.jpg
375,1,C7_279.jpg
376,7,C7_100.jpg
377,8,C7_117.jpg
378,9,C7_28.jpg
379,11,C7_280.jpg
380,1,C7_281.jpg
381,8,C7_282.jpg
382,2,C7_283.jpg
383,6,C7_284.jpg
384,9,C7_285.jpg
385,8,C7_286.jpg
386,4,C7_287.jpg
387,9,C7_288.jpg
388,0,C7_118.jpg
389,6,C7_289.jpg
390,8,C7_29.jpg
391,8,C7_290.jpg
392,2,C7_291.jpg
393,9,C7_292.jpg
394,8,C7_293.jpg
395,2,C7_294.jpg
396,1,C7_295.jpg
397,8,C7_296.jpg
398,9,C7_297.jpg
399,4,C7_119.jpg
400,9,C7_298.jpg
401,6,C7_299.jpg
402,6,C7_3.jpg
403,3,C7_30.jpg
404,2,C7_300.jpg
405,9,C7_301.jpg
406,6,C7_302.jpg
407,7,C7_303.jpg
408,8,C7_304.jpg
409,11,C7_305.jpg
410,4,C7_12.jpg
411,6,C7_306.jpg
412,2,C7_307.jpg
413,2,C7_308.jpg
414,2,C7_309.jpg
415,6,C7_31.jpg
416,2,C7_310.jpg
417,9,C7_311.jpg
418,2,C7_312.jpg
419,2,C7_313.jpg
420,8,C7_314.jpg
421,2,C7_120.jpg
422,7,C7_315.jpg
423,1,C7_316.jpg
424,8,C7_317.jpg
425,2,C7_318.jpg
426,2,C7_319.jpg
427,3,C7_32.jpg
428,8,C7_320.jpg
429,1,C7_321.jpg
430,6,C7_322.jpg
431,8,C7_323.jpg
432,4,C7_121.jpg
433,0,C7_324.jpg
434,9,C7_325.jpg
435,7,C7_326.jpg
436,8,C7_327.jpg
437,4,C7_328.jpg
438,8,C7_329.jpg
439,8,C7_33.jpg
440,9,C7_330.jpg
441,4,C7_331.jpg
442,1,C7_332.jpg
443,5,C7_122.jpg
444,9,C7_333.jpg
445,1,C7_334.jpg
446,7,C7_335.jpg
447,4,C7_336.jpg
448,4,C7_337.jpg
449,9,C7_338.jpg
450,1,C7_339.jpg
451,9,C7_34.jpg
452,2,C7_340.jpg
453,10,C7_341.jpg
454,4,C7_123.jpg
455,3,C7_342.jpg
456,2,C7_343.jpg
457,1,C7_344.jpg
458,0,C7_345.jpg
459,3,C7_346.jpg
460,9,C7_347.jpg
461,6,C7_348.jpg
462,4,C7_349.jpg
463,11,C7_35.jpg
464,6,C7_350.jpg
465,8,C7_124.jpg
466,11,C7_351.jpg
467,3,C7_352.jpg
468,7,C7_353.jpg
469,9,C7_354.jpg
470,1,C7_355.jpg
471,9,C7_356.jpg
472,8,C7_357.jpg
473,2,C7_358.jpg
474,9,C7_359.jpg
475,0,C7_36.jpg
476,1,C7_125.jpg
477,11,C7_360.jpg
478,10,C7_361.jpg
479,3,C7_362.jpg
480,9,C7_363.jpg
481,3,C7_364.jpg
482,6,C7_365.jpg
483,8,C7_366.jpg
484,2,C7_367.jpg
485,2,C7_368.jpg
486,2,C7_369.jpg
487,6,C7_101.jpg
488,1,C7_126.jpg
489,4,C7_37.jpg
490,8,C7_370.jpg
491,7,C7_371.jpg
492,9,C7_372.jpg
493,8,C7_373.jpg
494,2,C7_374.jpg
495,0,C7_375.jpg
496,1,C7_376.jpg
497,10,C7_377.jpg
498,2,C7_378.jpg
499,2,C7_127.jpg
500,4,C7_379.jpg
501,8,C7_38.jpg
502,1,C7_380.jpg
503,2,C7_381.jpg
504,2,C7_382.jpg
505,0,C7_383.jpg
506,0,C7_384.jpg
507,4,C7_385.jpg
508,5,C7_386.jpg
509,7,C7_387.jpg
510,6,C7_128.jpg
511,2,C7_388.jpg
512,2,C7_389.jpg
513,3,C7_39.jpg
514,4,C7_390.jpg
515,9,C7_391.jpg
516,2,C7_392.jpg
517,1,C7_393.jpg
518,6,C7_394.jpg
519,8,C7_395.jpg
520,11,C7_396.jpg
521,6,C7_129.jpg
522,1,C7_397.jpg
523,4,C7_398.jpg
524,8,C7_399.jpg
525,3,C7_4.jpg
526,7,C7_40.jpg
527,9,C7_400.jpg
528,1,C7_41.jpg
529,4,C7_42.jpg
530,7,C7_43.jpg
531,4,C7_44.jpg
532,8,C7_13.jpg
533,7,C7_45.jpg
534,1,C7_46.jpg
535,4,C7_47.jpg
536,1,C7_48.jpg
537,11,C7_49.jpg
538,3,C7_5.jpg
539,5,C7_50.jpg
540,3,C7_51.jpg
541,0,C7_52.jpg
542,1,C7_53.jpg
543,11,C7_130.jpg
544,2,C7_54.jpg
545,8,C7_55.jpg
546,4,C7_56.jpg
547,3,C7_57.jpg
548,9,C7_58.jpg
549,3,C7_59.jpg
550,5,C7_6.jpg
551,2,C7_60.jpg
552,6,C7_61.jpg
553,0,C7_62.jpg
554,2,C7_131.jpg
555,5,C7_63.jpg
556,2,C7_64.jpg
557,3,C7_65.jpg
558,8,C7_66.jpg
559,8,C7_67.jpg
560,11,C7_68.jpg
561,8,C7_69.jpg
562,8,C7_7.jpg
563,9,C7_70.jpg
564,11,C7_71.jpg
565,4,C7_132.jpg
566,8,C7_72.jpg
567,8,C7_73.jpg
568,4,C7_74.jpg
569,9,C7_75.jpg
570,4,C7_76.jpg
571,6,C7_77.jpg
572,1,C7_78.jpg
573,6,C7_79.jpg
574,3,C7_8.jpg
575,1,C7_80.jpg
576,3,C7_133.jpg
577,9,C7_81.jpg
578,6,C7_82.jpg
579,8,C7_83.jpg
580,3,C7_84.jpg
581,0,C7_85.jpg
582,6,C7_86.jpg
583,6,C7_87.jpg
584,9,C7_88.jpg
585,1,C7_89.jpg
586,6,C7_9.jpg
587,2,C7_134.jpg
588,2,C7_90.jpg
589,8,C7_91.jpg
590,10,C7_92.jpg
591,2,C7_93.jpg
592,9,C7_94.jpg
593,1,C7_95.jpg
594,4,C7_96.jpg
595,2,C7_97.jpg
596,1,C7_98.jpg
597,9,C7_99.jpg
598,2,C7_102.jpg
599,4,C7_135.jpg
600,0,Chicken (11).jpg
601,7,Chicken (12).jpg
602,5,Chicken (13).jpg
603,1,Chicken (14).jpg
604,5,Chicken (15).jpg
605,5,Chicken (16).jpg
606,9,Chicken (17).jpg
607,7,Chicken (18).jpg
608,11,Chicken (19).jpg
609,8,Chicken (2).jpg
610,4,C7_136.jpg
611,4,Chicken (20).jpg
612,0,Chicken (21).jpg
613,11,Chicken (22).jpg
614,4,Chicken (23).jpg
615,8,Chicken (24).jpg
616,8,Chicken (25).jpg
617,5,Chicken (26).jpg
618,3,Chicken (27).jpg
619,1,Chicken (28).jpg
620,3,Chicken (29).jpg
621,2,C7_137.jpg
622,10,Chicken (3).jpg
623,5,Chicken (30).jpg
624,7,Chicken (31).jpg
625,5,Chicken (32).jpg
626,0,Chicken (33).jpg
627,10,Chicken (34).jpg
628,3,Chicken (35).jpg
629,10,Chicken (36).jpg
630,8,Chicken (4).jpg
631,7,Chicken (5).jpg
632,4,C7_138.jpg
633,0,Chicken (6).jpg
634,0,Chicken (7).jpg
635,3,Chicken (8).jpg
636,9,Chicken (9).jpg
637,11,Chicken(0).jpg
638,0,Chicken.jpg
639,11,Chickenn (10).jpg
640,3,Chickenn (11).jpg
641,1,Chickenn (12).jpg
642,9,Chickenn (2).jpg
643,6,C7_139.jpg
644,8,Chickenn (3).jpg
645,0,Chickenn (4).jpg
646,10,Chickenn (5).jpg
647,6,Chickenn (6).jpg
648,3,Chickenn (7).jpg
649,5,Chickenn (8).jpg
650,5,Chickenn (9).jpg
651,0,Chickenn.jpg
652,3,Chickennn (1).jpg
653,7,Chickennn (2).jpg
654,7,C7_14.jpg
655,5,Chickennn (3).jpg
656,5,Chickennn (4).jpg
657,10,Chickennn (5).jpg
658,8,Chickennn.jpg
659,3,Cow (10).jpg
660,4,Cow (11).jpg
661,10,Cow (12).jpg
662,8,Cow (13).jpg
663,5,Cow (14).jpg
664,11,Cow (15).jpg
665,6,C7_140.jpg
666,3,Cow (16).jpg
667,3,Cow (17).jpg
668,9,Cow (18).jpg
669,8,Cow (19).jpg
670,9,Cow (2).jpg
671,9,Cow (20).jpg
672,5,Cow (21).jpg
673,8,Cow (22).jpg
674,9,Cow (23).jpg
675,8,Cow (24).jpg
676,1,C7_141.jpg
677,8,Cow (25).jpg
678,7,Cow (26).jpg
679,9,Cow (27).jpg
680,7,Cow (28).jpg
681,8,Cow (29).jpg
682,3,Cow (3).jpg
683,8,Cow (4).jpg
684,3,Cow (5).jpg
685,7,Cow (6).jpg
686,5,Cow (7).jpg
687,1,C7_142.jpg
688,5,Cow (8).jpg
689,0,Cow (9).jpg
690,7,Cow.jpg
691,10,Coww (10).jpg
692,3,Coww (11).jpg
693,5,Coww (2).jpg
694,5,Coww (3).jpg
695,3,Coww (4).jpg
696,0,Coww (5).jpg
697,7,Coww (6).jpg
698,9,C7_143.jpg
699,10,Coww (7).jpg
700,9,Coww (8).jpg
701,3,Coww (9).jpg
702,5,Coww.jpg
703,5,Cowww (10).jpg
704,7,Cowww (11).jpg
705,3,Cowww (12).jpg
706,10,Cowww (13).jpg
707,9,Cowww (14).jpg
708,3,Cowww (2).jpg
709,1,C7_103.jpg
710,3,C7_144.jpg
711,9,Cowww (3).jpg
712,9,Cowww (4).jpg
713,9,Cowww (5).jpg
714,3,Cowww (6).jpg
715,1,Cowww (7).jpg
716,7,Cowww (8).jpg
717,5,Cowww (9).jpg
718,8,Dog (10).jpg
719,4,Dog (11).jpg
720,7,Dog (12).jpg
721,8,C7_145.jpg
722,4,Dog (13).jpg
723,8,Dog (14).jpg
724,11,Dog (15).jpg
725,5,Dog (16).jpg
726,4,Dog (17).jpg
727,4,Dog (18).jpg
728,1,Dog (19).jpg
729,7,Dog (2).jpg
730,6,Dog (20).jpg
731,6,Dog (21).jpg
732,6,C7_146.jpg
733,4,Dog (22).jpg
734,7,Dog (23).jpg
735,6,Dog (24).jpg
736,0,Dog (25).jpg
737,7,Dog (26).jpg
738,5,Dog (27).jpg
739,3,Dog (28).jpg
740,8,Dog (29).jpg
741,8,Dog (3).jpg
742,9,Dog (30).jpg
743,6,C7_147.jpg
744,4,Dog (31).jpg
745,7,Dog (32).jpg
746,0,Dog (33).jpg
747,11,Dog (34).jpg
748,9,Dog (35).jpg
749,9,Dog (36).jpg
750,6,Dog (37).jpg
751,9,Dog (38).jpg
752,5,Dog (39).jpg
753,3,Dog (4).jpg
754,1,C7_148.jpg
755,7,Dog (40).jpg
756,9,Dog (41).jpg
757,3,Dog (42).jpg
758,9,Dog (43).jpg
759,6,Dog (44).jpg
760,5,Dog (45).jpg
761,0,Dog (46).jpg
762,5,Dog (47).jpg
763,4,Dog (48).jpg
764,7,Dog (49).jpg
765,1,C7_149.jpg
766,0,Dog (5).jpg
767,1,Dog (50).jpg
768,7,Dog (51).jpg
769,0,Dog (52).jpg
770,9,Dog (53).jpg
771,0,Dog (55).jpg
772,8,Dog (56).jpg
773,7,Dog (57).jpg
774,6,Dog (58).jpg
775,1,C7_15.jpg
776,0,Dog (59).jpg
777,4,Dog (6).jpg
778,4,Dog (60).jpg
779,1,Dog (61).jpg
780,10,Dog (62).jpg
781,1,Dog (63).jpg
782,0,Dog (64).jpg
783,9,Dog (65).jpg
784,7,Dog (66).jpg
785,8,Dog (67).jpg
786,5,C7_150.jpg
787,1,Dog (68).jpg
788,1,Dog (69).jpg
789,1,Dog (7).jpg
790,9,Dog (70).jpg
791,9,Dog (71).jpg
792,10,Dog (72).jpg
793,4,Dog (73).jpg
794,3,Dog (74).jpg
795,6,Dog (75).jpg
796,9,Dog (76).jpg
797,6,C7_151.jpg
798,4,Dog (77).jpg
799,1,Dog (78).jpg
800,7,Dog (79).jpg
801,6,Dog (8).jpg
802,9,Dog (80).jpg
803,8,Dog (81).jpg
804,6,Dog (82).jpg
805,5,Dog (83).jpg
806,9,Dog (84).jpg
807,0,Dog (85).jpg
808,11,C7_152.jpg
809,3,Dog (86).jpg
810,0,Dog (87).jpg
811,0,Dog (88).jpg
812,9,Dog (9).jpg
813,10,Dog.jpg
814,0,Dogg (10).jpg
815,11,Dogg (11).jpg
816,0,Dogg (12).jpg
817,0,Dogg (13).jpg
818,1,Dogg (14).jpg
819,2,C7_104.jpg
820,2,C7_153.jpg
821,9,Dogg (15).jpg
822,10,Dogg (16).jpg
823,9,Dogg (17).jpg
824,7,Dogg (18).jpg
825,7,Dogg (19).jpg
826,1,Dogg (2).jpg
827,6,Dogg (20).jpg
828,4,Dogg (3).jpg
829,0,Dogg (4).jpg
830,6,Dogg (5).jpg
831,2,C7_154.jpg
832,11,Dogg (6).jpg
833,1,Dogg (7).jpg
834,8,Dogg (8).jpg
835,3,Dogg (9).jpg
836,4,Dogg.jpg
837,4,Doggg (1).jpg
838,3,Doggg (2).jpg
839,9,Doggg (3).jpg
840,7,Doggg (4).jpg
841,3,Doggg (5).jpg
842,8,C7_155.jpg
843,8,Doggg (6).jpg
844,3,Dragon (10).jpg
845,11,Dragon (11).jpg
846,5,Dragon (12).jpg
847,10,Dragon (13).jpg
848,6,Dragon (14).jpg
849,5,Dragon (15).jpg
850,4,Dragon (16).jpg
851,6,Dragon (17).jpg
852,4,Dragon (18).jpg
853,2,C7_156.jpg
854,11,Dragon (19).jpg
855,5,Dragon (2).jpg
856,0,Dragon (3).jpg
857,4,Dragon (4).jpg
858,8,Dragon (5).jpg
859,5,Dragon (6).jpg
860,9,Dragon (7).jpg
861,9,Dragon (8).jpg
862,8,Dragon (9).jpg
863,8,Dragonn (10).jpg
864,0,C7_157.jpg
865,4,Dragonn (11).jpg
866,0,Dragonn (12).jpg
867,5,Dragonn (13).jpg
868,3,Dragonn (14).jpg
869,8,Dragonn (15).jpg
870,10,Dragonn (16).jpg
871,4,Dragonn (17).jpg
872,1,Dragonn (18).jpg
873,9,Dragonn (19).jpg
874,5,Dragonn (2).jpg
875,5,C7_158.jpg
876,8,Dragonn (20).jpg
877,9,Dragonn (21).jpg
878,7,Dragonn (22).jpg
879,3,Dragonn (23).jpg
880,1,Dragonn (3).jpg
881,1,Dragonn (4).jpg
882,9,Dragonn (5).jpg
883,4,Dragonn (6).jpg
884,9,Dragonn (7).jpg
885,7,Dragonn (8).jpg
886,2,C7_159.jpg
887,10,Dragonn (9).jpg
888,8,Dragonn.jpg
889,9,Dragonnn (1).jpg
890,11,Dragonnn (10).jpg
891,2,Dragonnn (11).jpg
892,7,Dragonnn (12).jpg
893,7,Dragonnn (2).jpg
894,7,Dragonnn (3).jpg
895,11,Dragonnn (4).jpg
896,7,Dragonnn (5).jpg
897,3,C7_16.jpg
898,0,Dragonnn (6).jpg
899,2,Dragonnn (7).jpg
900,3,Dragonnn (8).jpg
901,5,Dragonnn (9).jpg
902,3,Horse (10).jpg
903,4,Horse (11).jpg
904,10,Horse (12).jpg
905,7,Horse (13).jpg
906,6,Horse (14).jpg
907,0,Horse (15).jpg
908,2,C7_160.jpg
909,5,Horse (16).jpg
910,7,Horse (17).jpg
911,8,Horse (18).jpg
912,8,Horse (19).jpg
913,3,Horse (2).jpg
914,6,Horse (20).jpg
915,3,Horse (21).jpg
916,0,Horse (22).jpg
917,10,Horse (23).jpg
918,11,Horse (24).jpg
919,2,C7_161.jpg
920,7,Horse (25).jpg
921,10,Horse (26).jpg
922,5,Horse (27).jpg
923,8,Horse (28).jpg
924,0,Horse (29).jpg
925,9,Horse (3).jpg
926,0,Horse (30).jpg
927,3,Horse (31).jpg
928,10,Horse (32).jpg
929,4,Horse (33).jpg
930,2,C7_105.jpg
931,4,C7_162.jpg
932,4,Horse (34).jpg
933,4,Horse (35).jpg
934,10,Horse (36).jpg
935,2,Horse (37).jpg
936,11,Horse (38).jpg
937,7,Horse (39).jpg
938,8,Horse (4).jpg
939,9,Horse (40).jpg
940,11,Horse (5).jpg
941,8,Horse (6).jpg
942,8,C7_163.jpg
943,8,Horse (7).jpg
944,8,Horse (8).jpg
945,11,Horse (9).jpg
946,7,Horse.jpg
947,1,Horsee (11).jpg
948,11,Horsee (12).jpg
949,8,Horsee (13).jpg
950,10,Horsee (14).jpg
951,0,Horsee (15).jpg
952,3,Horsee (16).jpg
953,1,C7_164.jpg
954,0,Horsee (17).jpg
955,10,Horsee (18).jpg
956,10,Horsee (19).jpg
957,1,Horsee (2).jpg
958,3,Horsee (20).jpg
959,9,Horsee (21).jpg
960,0,Horsee (22).jpg
961,3,Horsee (23).jpg
962,8,Horsee (24).jpg
963,7,Horsee (25).jpg
964,1,C7_165.jpg
965,7,Horsee (3).jpg
966,0,Horsee (4).jpg
967,7,Horsee (5).jpg
968,7,Horsee (6).jpg
969,11,Horsee (7).jpg
970,11,Horsee (8).jpg
971,10,Horsee (9).jpg
972,7,Horsee.jpg
973,3,Horseee (1).jpg
974,4,Horseee (10).jpg
975,1,C7_166.jpg
976,11,Horseee (11).jpg
977,10,Horseee (12).jpg
978,3,Horseee (13).jpg
979,9,Horseee (2).jpg
980,6,Horseee (3).jpg
981,0,Horseee (4).jpg
982,10,Horseee (5).jpg
983,0,Horseee (6).jpg
984,5,Horseee (7).jpg
985,5,Horseee (8).jpg
986,9,C7_167.jpg
987,9,Horseee (9).jpg
988,10,Monkey (10).jpg
989,9,Monkey (11).jpg
990,11,Monkey (12).jpg
991,8,Monkey (13).jpg
992,0,Monkey (14).jpg
993,3,Monkey (15).jpg
994,4,Monkey (16).jpg
995,3,Monkey (17).jpg
996,1,Monkey (18).jpg
997,2,C7_168.jpg
998,3,Monkey (19).jpg
999,5,Monkey (2).jpg
1000,5,Monkey (20).jpg
1001,2,Monkey (21).jpg
1002,9,Monkey (22).jpg
1003,4,Monkey (23).jpg
1004,1,Monkey (24).jpg
1005,11,Monkey (25).jpg
1006,0,Monkey (26).jpg
1007,5,Monkey (27).jpg
1008,9,C7_169.jpg
1009,1,Monkey (28).jpg
1010,7,Monkey (29).jpg
1011,4,Monkey (3).jpg
1012,7,Monkey (30).jpg
1013,3,Monkey (31).jpg
1014,7,Monkey (32).jpg
1015,1,Monkey (33).jpg
1016,7,Monkey (34).jpg
1017,9,Monkey (35).jpg
1018,7,Monkey (36).jpg
1019,11,C7_17.jpg
1020,5,monkey (37).jpg
1021,10,Monkey (38).jpg
1022,7,Monkey (39).jpg
1023,9,Monkey (4).jpg
1024,8,Monkey (40).jpg
1025,8,Monkey (41).jpg
1026,1,Monkey (42).jpg
1027,0,Monkey (43).jpg
1028,5,Monkey (44).jpg
1029,8,Monkey (45).jpg
1030,4,C7_170.jpg
1031,5,Monkey (5).jpg
1032,11,Monkey (6).jpg
1033,3,Monkey (7).jpg
1034,9,Monkey (8).jpg
1035,4,Monkey (9).jpg
1036,8,Monkey.jpg
1037,7,Monkeyy (10).jpg
1038,6,Monkeyy (11).jpg
1039,7,Monkeyy (12).jpg
1040,0,Monkeyy (13).jpg
1041,11,C7_106.jpg
1042,11,C7_171.jpg
1043,10,Monkeyy (14).jpg
1044,1,Monkeyy (15).jpg
1045,4,Monkeyy (16).jpg
1046,1,Monkeyy (17).jpg
1047,8,Monkeyy (18).jpg
1048,11,Monkeyy (19).jpg
1049,1,Monkeyy (2).jpg
1050,8,Monkeyy (20).jpg
1051,0,Monkeyy (21).jpg
1052,1,Monkeyy (22).jpg
1053,2,C7_172.jpg
1054,4,Monkeyy (23).jpg
1055,3,Monkeyy (24).jpg
1056,4,Monkeyy (25).jpg
1057,8,Monkeyy (26).jpg
1058,9,Monkeyy (27).jpg
1059,10,Monkeyy (3).jpg
1060,8,Monkeyy (4).jpg
1061,2,Monkeyy (5).jpg
1062,11,Monkeyy (6).jpg
1063,1,Monkeyy (7).jpg
1064,4,C7_173.jpg
1065,3,Monkeyy (8).jpg
1066,0,Monkeyy (9).jpg
1067,9,Monkeyy.jpg
1068,0,Monkeyyy (1).jpg
1069,5,Monkeyyy (2).jpg
1070,3,Monkeyyy (3).jpg
1071,5,Monkeyyy (4).jpg
1072,0,Monkeyyy (5).jpg
1073,1,Monkeyyy (6).jpg
1074,7,Monkeyyy (7).jpg
1075,2,C7_174.jpg
1076,7,Pig (10).jpg
1077,0,Pig (11).jpg
1078,8,Pig (12).jpg
1079,9,Pig (13).jpg
1080,4,Pig (14).jpg
1081,8,Pig (15).jpg
1082,4,Pig (16).jpg
1083,4,Pig (17).jpg
1084,3,Pig (18).jpg
1085,6,Pig (19).jpg
1086,9,C7_175.jpg
1087,7,Pig (2).jpg
1088,9,Pig (20).jpg
1089,0,Pig (21).jpg
1090,3,Pig (22).jpg
1091,9,Pig (23).jpg
1092,10,Pig (24).jpg
1093,4,Pig (25).jpg
1094,10,Pig (26).jpg
1095,4,Pig (27).jpg
1096,8,Pig (28).jpg
1097,1,C7_176.jpg
1098,8,Pig (29).jpg
1099,7,Pig (3).jpg
1100,1,Pig (30).jpg
1101,2,Pig (31).jpg
1102,9,Pig (32).jpg
1103,6,Pig (33).jpg
1104,4,Pig (34).jpg
1105,11,Pig (35).jpg
1106,6,Pig (36).jpg
1107,9,Pig (37).jpg
1108,6,C7_177.jpg
1109,9,Pig (38).jpg
1110,6,Pig (39).jpg
1111,6,Pig (4).jpg
1112,1,Pig (40).jpg
1113,2,Pig (5).jpg
1114,6,Pig (6).jpg
1115,8,Pig (7).jpg
1116,0,Pig (8).jpg
1117,7,Pig (9).jpg
1118,8,Pig.jpg
1119,1,C7_178.jpg
1120,10,Pigg (10).jpg
1121,0,Pigg (11).jpg
1122,8,Pigg (12).jpg
1123,6,Pigg (13).jpg
1124,7,Pigg (14).jpg
1125,7,Pigg (15).jpg
1126,9,Pigg (16).jpg
1127,5,Pigg (17).jpg
1128,9,Pigg (2).jpg
1129,8,Pigg (3).jpg
1130,4,C7_179.jpg
1131,7,Pigg (4).jpg
1132,4,Pigg (5).jpg
1133,7,Pigg (6).jpg
1134,1,Pigg (7).jpg
1135,10,Pigg (8).jpg
1136,3,Pigg (9).jpg
1137,9,Pigg.jpg
1138,7,Piggg (1).jpg
1139,7,Piggg (2).jpg
1140,9,Piggg (3).jpg
1141,4,C7_18.jpg
1142,0,Piggg (4).jpg
1143,3,Piggg (5).jpg
1144,8,Piggg (6).jpg
1145,6,Piggg (7).jpg
1146,11,Piggg (8).jpg
1147,3,Piggg (9).jpg
1148,3,Rabbit (0).jpg
1149,2,Rabbit (10).jpg
1150,5,Rabbit (11).jpg
1151,11,Rabbit (12).jpg
1152,2,C7_107.jpg
1153,1,C7_180.jpg
1154,1,Rabbit (13).jpg
1155,11,Rabbit (14).jpg
1156,8,Rabbit (15).jpg
1157,11,Rabbit (16).jpg
1158,6,Rabbit (17).jpg
1159,5,Rabbit (18).jpg
1160,6,Rabbit (19).jpg
1161,11,RAbbit (2).jpg
1162,3,Rabbit (20).jpg
1163,1,Rabbit (21).jpg
1164,4,C7_181.jpg
1165,4,Rabbit (22).jpg
1166,7,Rabbit (23).jpg
1167,8,Rabbit (24).jpg
1168,3,Rabbit (25).jpg
1169,8,Rabbit (26).jpg
1170,3,Rabbit (27).jpg
1171,3,Rabbit (28).jpg
1172,10,Rabbit (29).jpg
1173,9,Rabbit (3).jpg
1174,8,Rabbit (30).jpg
1175,1,C7_182.jpg
1176,3,Rabbit (31).jpg
1177,3,Rabbit (32).jpg
1178,7,Rabbit (33).jpg
1179,8,Rabbit (34).jpg
1180,7,Rabbit (35).jpg
1181,3,Rabbit (36).jpg
1182,0,Rabbit (37).jpg
1183,10,Rabbit (38).jpg
1184,10,Rabbit (39).jpg
1185,0,Rabbit (4).jpg
1186,6,C7_183.jpg
1187,5,Rabbit (5).jpg
1188,9,Rabbit (6).jpg
1189,8,Rabbit (7).jpg
1190,7,Rabbit (8).jpg
1191,0,Rabbit (9).jpg
1192,3,Rabbit(00).jpg
1193,5,Rabbit.jpg
1194,10,Rabbitt (10).jpg
1195,5,Rabbitt (11).jpg
1196,7,Rabbitt (12).jpg
1197,6,C7_184.jpg
1198,0,Rabbitt (13).jpg
1199,10,Rabbitt (14).jpg
1200,0,Rabbitt (15).jpg
1201,0,Rabbitt (16).jpg
1202,0,Rabbitt (17).jpg
1203,7,Rabbitt (18).jpg
1204,5,Rabbitt (19).jpg
1205,3,Rabbitt (2).jpg
1206,3,Rabbitt (20).jpg
1207,10,Rabbitt (21).jpg
1208,4,C7_185.jpg
1209,9,Rabbitt (22).jpg
1210,9,Rabbitt (23).jpg
1211,3,Rabbitt (24).jpg
1212,5,Rabbitt (25).jpg
1213,5,Rabbitt (26).jpg
1214,7,RAbbitt (27).jpg
1215,7,Rabbitt (28).jpg
1216,0,Rabbitt (29).jpg
1217,0,Rabbitt (3).jpg
1218,7,Rabbitt (30).jpg
1219,9,C7_186.jpg
1220,5,Rabbitt (31).jpg
1221,8,Rabbitt (4).jpg
1222,11,Rabbitt (5).jpg
1223,11,Rabbitt (6).jpg
1224,0,Rabbitt (7).jpg
1225,3,Rabbitt (8).jpg
1226,7,Rabbitt (9).jpg
1227,4,Rabbitt.jpg
1228,9,Rabbittt (1).jpg
1229,6,Rabbittt (2).jpg
1230,2,C7_187.jpg
1231,7,Rabbittt (3).jpg
1232,0,Rabbittt (4).jpg
1233,9,Rabbittt (5).jpg
1234,3,Rabbittt (6).jpg
1235,5,Rabbittt (7).jpg
1236,1,Rat (10).jpg
1237,7,Rat (11).jpg
1238,7,Rat (12).jpg
1239,3,Rat (13).jpg
1240,9,Rat (14).jpg
1241,6,C7_188.jpg
1242,0,Rat (15).jpg
1243,11,Rat (16).jpg
1244,7,Rat (17).jpg
1245,3,Rat (18).jpg
1246,5,Rat (19).jpg
1247,9,Rat (2).jpg
1248,7,Rat (20).jpg
1249,8,Rat (22).jpg
1250,9,Rat (23).jpg
1251,5,C7_189.jpg
1252,0,Rat (24).jpg
1253,9,Rat (25).jpg
1254,0,Rat (26).jpg
1255,0,Rat (27).jpg
1256,7,Rat (28).jpg
1257,8,Rat (29).jpg
1258,4,Rat (3).jpg
1259,10,Rat (30).jpg
1260,8,Rat (31).jpg
1261,4,Rat (32).jpg
